ID,Experiment,Virus,Day,Infection,Dissemination,Transmission,Contamination
1,1,Chimeric 1,7,1,1,0,0
2,1,Chimeric 1,7,1,1,0,0
3,1,Chimeric 1,7,1,1,1,0
4,1,Chimeric 1,7,1,1,0,0
5,1,Chimeric 1,7,1,1,0,0
6,1,Chimeric 1,7,1,1,0,1
7,1,Chimeric 1,7,1,1,0,0
8,1,Chimeric 1,7,1,1,0,0
9,1,Chimeric 1,7,1,0,0,1
10,1,Chimeric 1,7,1,1,0,0
11,1,Chimeric 1,7,1,1,0,0
12,1,Chimeric 2,7,1,1,0,0
13,1,Chimeric 2,7,1,1,0,0
14,1,Chimeric 2,7,1,1,0,0
15,1,Chimeric 2,7,0,0,0,0
16,1,Chimeric 2,7,1,1,0,0
17,1,Chimeric 2,7,1,1,0,0
18,1,Chimeric 2,7,1,1,0,0
19,1,Chimeric 2,7,1,1,0,0
20,1,Chimeric 2,7,1,1,0,0
21,1,Chimeric 3,7,0,0,0,0
22,1,Chimeric 3,7,1,0,0,0
23,1,Chimeric 3,7,1,1,0,0
24,1,Chimeric 3,7,0,0,0,0
25,1,Chimeric 3,7,0,0,0,0
26,1,Chimeric 3,7,1,1,0,0
27,1,Chimeric 3,7,1,1,0,0
28,1,Chimeric 3,7,0,0,0,0
29,1,Chimeric 3,7,1,0,0,0
30,1,Chimeric 3,7,1,1,0,0
31,1,Chimeric 3,7,0,0,0,0
32,1,Chimeric 3,7,1,1,0,0
33,1,Chimeric 3,7,1,1,0,0
34,1,Chimeric 3,7,1,1,0,0
35,1,Chimeric 3,7,1,1,0,0
36,1,Chimeric 3,7,1,1,0,0
37,1,Chimeric 3,7,1,1,0,0
38,1,Chimeric 4,7,1,1,0,0
39,1,Chimeric 4,7,1,1,0,0
40,1,Chimeric 4,7,1,0,0,0
41,1,Chimeric 4,7,1,1,0,0
42,1,Chimeric 4,7,1,1,0,0
43,1,Chimeric 4,7,1,1,0,0
44,1,Chimeric 4,7,1,1,0,0
45,1,Chimeric 4,7,1,1,0,0
46,1,Chimeric 4,7,1,1,0,0
47,1,Chimeric 4,7,1,1,0,0
48,1,Chimeric 4,7,1,1,0,0
49,1,Chimeric 4,7,1,1,0,0
50,1,Chimeric 4,7,1,1,0,0
51,1,Chimeric 4,7,1,1,0,0
52,1,Chimeric 4,7,1,1,0,0
53,1,Chimeric 5,7,1,1,0,0
54,1,Chimeric 5,7,1,1,0,0
55,1,Chimeric 5,7,1,1,0,0
56,1,Chimeric 5,7,1,1,0,0
57,1,Chimeric 5,7,1,1,0,0
58,1,Chimeric 5,7,1,1,0,0
59,1,Chimeric 5,7,1,1,0,0
60,1,Chimeric 5,7,1,1,0,0
61,1,Chimeric 5,7,1,1,0,0
62,1,Chimeric 5,7,1,1,0,0
63,1,Chimeric 5,7,1,1,0,0
64,1,Chimeric 5,7,0,0,0,0
65,1,Chimeric 5,7,1,1,0,0
66,1,Chimeric 5,7,1,1,0,0
67,1,Chimeric 5,7,1,1,0,0
68,1,Chimeric 5,7,1,1,0,0
69,1,Chimeric 5,7,1,1,0,0
70,1,Chimeric 6,7,0,0,0,0
71,1,Chimeric 6,7,1,1,0,0
72,1,Chimeric 6,7,1,1,0,0
73,1,Chimeric 6,7,1,1,0,0
74,1,Chimeric 6,7,1,1,0,0
75,1,Chimeric 6,7,1,1,0,0
76,1,Chimeric 6,7,1,1,0,0
77,1,Chimeric 6,7,1,1,0,0
78,1,Chimeric 6,7,1,1,0,0
79,1,Chimeric 6,7,1,1,0,0
80,1,Chimeric 6,7,1,0,0,0
81,1,Chimeric 6,7,1,1,0,0
82,1,Chimeric 6,7,1,1,0,0
83,1,Chimeric 6,7,1,1,0,0
84,1,Chimeric 6,7,0,0,0,0
85,1,Chimeric 6,7,1,1,0,0
86,1,Chimeric 6,7,1,1,0,0
87,1,Chimeric 7,7,1,1,0,0
88,1,Chimeric 7,7,1,1,0,0
89,1,Chimeric 7,7,1,1,0,0
90,1,Chimeric 7,7,1,1,0,0
91,1,Chimeric 7,7,1,1,0,0
92,1,Chimeric 7,7,1,1,0,0
93,1,Chimeric 7,7,1,1,0,0
94,1,Chimeric 7,7,1,1,0,0
95,1,Chimeric 7,7,1,1,0,0
96,1,Chimeric 7,7,0,0,0,0
97,1,Chimeric 7,7,1,0,0,0
98,1,Chimeric 7,7,1,1,0,0
99,1,Chimeric 7,7,1,1,0,0
100,1,Chimeric 7,7,1,0,0,0
101,1,Chimeric 7,7,0,0,0,0
102,1,Chimeric 7,7,1,1,0,0
103,1,Chimeric 7,7,1,1,0,0
104,1,Chimeric 7,7,1,1,0,0
105,1,Chimeric 7,7,0,0,0,0
106,1,Chimeric 7,7,1,1,0,0
107,1,Chimeric 8,7,1,1,0,0
108,1,Chimeric 8,7,1,1,0,0
109,1,Chimeric 8,7,1,1,0,0
110,1,Chimeric 8,7,1,1,0,0
111,1,Chimeric 8,7,1,1,0,0
112,1,Chimeric 8,7,1,1,0,0
113,1,Chimeric 8,7,1,1,0,0
114,1,Chimeric 8,7,1,1,0,0
115,1,Chimeric 8,7,1,1,0,0
116,1,Chimeric 8,7,1,0,0,0
117,1,Chimeric 8,7,1,1,0,0
118,1,Chimeric 8,7,0,0,0,0
119,1,Chimeric 8,7,1,1,0,0
120,1,Chimeric 8,7,1,1,0,0
121,1,Chimeric 8,7,1,1,0,0
122,1,Chimeric 1,10,1,1,1,0
123,1,Chimeric 1,10,1,1,1,0
124,1,Chimeric 1,10,0,0,0,0
125,1,Chimeric 1,10,1,1,1,0
126,1,Chimeric 1,10,1,1,1,0
127,1,Chimeric 1,10,1,1,0,0
128,1,Chimeric 1,10,1,1,1,0
129,1,Chimeric 1,10,1,1,0,0
130,1,Chimeric 1,10,1,1,1,0
131,1,Chimeric 1,10,1,1,0,0
132,1,Chimeric 1,10,1,1,0,0
133,1,Chimeric 1,10,1,1,0,0
134,1,Chimeric 1,10,1,1,0,1
135,1,Chimeric 1,10,1,1,1,0
136,1,Chimeric 2,10,1,1,1,0
137,1,Chimeric 2,10,1,1,0,0
138,1,Chimeric 2,10,0,0,0,0
139,1,Chimeric 2,10,1,1,0,0
140,1,Chimeric 2,10,0,0,0,0
141,1,Chimeric 2,10,1,1,0,0
142,1,Chimeric 2,10,1,1,0,0
143,1,Chimeric 2,10,1,1,0,0
144,1,Chimeric 2,10,1,1,0,0
145,1,Chimeric 2,10,1,1,0,0
146,1,Chimeric 2,10,1,1,0,0
147,1,Chimeric 2,10,1,1,0,0
148,1,Chimeric 2,10,1,1,0,0
149,1,Chimeric 2,10,1,1,0,0
150,1,Chimeric 2,10,0,0,0,0
151,1,Chimeric 2,10,1,1,0,0
152,1,Chimeric 2,10,1,1,0,0
153,1,Chimeric 3,10,1,1,0,0
154,1,Chimeric 3,10,1,1,0,0
155,1,Chimeric 3,10,1,1,0,0
156,1,Chimeric 3,10,1,1,0,0
157,1,Chimeric 3,10,1,1,0,0
158,1,Chimeric 3,10,1,1,1,0
159,1,Chimeric 3,10,1,1,0,0
160,1,Chimeric 3,10,1,0,0,0
161,1,Chimeric 3,10,1,1,0,0
162,1,Chimeric 3,10,1,1,0,0
163,1,Chimeric 3,10,1,1,0,0
164,1,Chimeric 3,10,1,1,0,0
165,1,Chimeric 3,10,1,1,0,0
166,1,Chimeric 3,10,1,1,0,0
167,1,Chimeric 3,10,1,1,1,0
168,1,Chimeric 3,10,1,1,0,0
169,1,Chimeric 3,10,1,1,0,0
170,1,Chimeric 3,10,1,1,0,0
171,1,Chimeric 4,10,1,1,1,0
172,1,Chimeric 4,10,1,1,0,0
173,1,Chimeric 4,10,1,1,1,0
174,1,Chimeric 4,10,1,1,0,0
175,1,Chimeric 4,10,1,1,1,0
176,1,Chimeric 4,10,1,1,0,0
177,1,Chimeric 4,10,1,1,0,0
178,1,Chimeric 4,10,1,1,1,0
179,1,Chimeric 4,10,1,1,0,0
180,1,Chimeric 5,10,1,1,0,0
181,1,Chimeric 5,10,1,0,0,0
182,1,Chimeric 5,10,1,1,1,0
183,1,Chimeric 5,10,1,1,0,0
184,1,Chimeric 5,10,1,1,0,0
185,1,Chimeric 5,10,1,1,0,0
186,1,Chimeric 5,10,1,1,0,0
187,1,Chimeric 5,10,1,1,0,0
188,1,Chimeric 5,10,1,1,0,0
189,1,Chimeric 5,10,1,1,0,0
190,1,Chimeric 5,10,1,1,0,0
191,1,Chimeric 5,10,1,1,0,0
192,1,Chimeric 5,10,1,1,1,0
193,1,Chimeric 5,10,1,1,0,0
194,1,Chimeric 5,10,1,1,0,0
195,1,Chimeric 5,10,1,1,0,0
196,1,Chimeric 5,10,1,1,0,0
197,1,Chimeric 6,10,1,1,0,0
198,1,Chimeric 6,10,1,1,0,0
199,1,Chimeric 6,10,1,0,0,0
200,1,Chimeric 6,10,1,1,0,1
201,1,Chimeric 6,10,1,1,0,0
202,1,Chimeric 6,10,1,1,0,1
203,1,Chimeric 6,10,1,1,1,0
204,1,Chimeric 6,10,1,1,0,0
205,1,Chimeric 6,10,1,1,0,0
206,1,Chimeric 6,10,1,1,0,0
207,1,Chimeric 6,10,1,1,0,0
208,1,Chimeric 6,10,0,0,0,0
209,1,Chimeric 6,10,1,1,1,0
210,1,Chimeric 6,10,1,1,0,0
211,1,Chimeric 6,10,0,0,0,0
212,1,Chimeric 6,10,1,1,0,0
213,1,Chimeric 6,10,0,0,0,0
214,1,Chimeric 6,10,1,1,0,0
215,1,Chimeric 6,10,1,1,0,0
216,1,Chimeric 7,10,1,1,1,0
217,1,Chimeric 7,10,1,1,0,0
218,1,Chimeric 7,10,0,0,0,0
219,1,Chimeric 7,10,0,0,0,0
220,1,Chimeric 7,10,1,1,1,0
221,1,Chimeric 7,10,1,1,0,0
222,1,Chimeric 7,10,1,1,0,0
223,1,Chimeric 7,10,1,1,1,0
224,1,Chimeric 7,10,1,1,0,0
225,1,Chimeric 7,10,1,1,1,0
226,1,Chimeric 7,10,1,1,0,0
227,1,Chimeric 8,10,1,1,0,0
228,1,Chimeric 8,10,1,1,0,0
229,1,Chimeric 8,10,1,1,0,0
230,1,Chimeric 8,10,1,1,0,0
231,1,Chimeric 8,10,1,1,0,0
232,1,Chimeric 8,10,1,1,0,0
233,1,Chimeric 8,10,1,1,0,0
234,1,Chimeric 8,10,0,0,0,0
235,1,Chimeric 8,10,1,1,0,0
236,1,Chimeric 8,10,0,0,0,0
237,1,Chimeric 8,10,1,1,0,0
238,1,Chimeric 1,14,1,1,0,1
239,1,Chimeric 1,14,1,1,1,0
240,1,Chimeric 1,14,1,1,1,0
241,1,Chimeric 1,14,1,1,1,0
242,1,Chimeric 1,14,1,1,0,0
243,1,Chimeric 1,14,1,0,0,0
244,1,Chimeric 1,14,1,1,0,0
245,1,Chimeric 1,14,1,1,0,0
246,1,Chimeric 1,14,1,1,1,0
247,1,Chimeric 1,14,1,1,0,0
248,1,Chimeric 1,14,1,1,1,0
249,1,Chimeric 1,14,1,1,0,1
250,1,Chimeric 1,14,1,1,1,0
251,1,Chimeric 2,14,1,1,0,0
252,1,Chimeric 2,14,1,1,0,0
253,1,Chimeric 2,14,1,1,0,0
254,1,Chimeric 2,14,0,0,0,0
255,1,Chimeric 2,14,1,1,0,0
256,1,Chimeric 2,14,0,0,0,0
257,1,Chimeric 2,14,1,1,0,0
258,1,Chimeric 2,14,1,1,0,0
259,1,Chimeric 2,14,1,1,1,0
260,1,Chimeric 2,14,1,1,0,0
261,1,Chimeric 2,14,1,1,0,0
262,1,Chimeric 2,14,0,0,0,1
263,1,Chimeric 2,14,1,1,0,0
264,1,Chimeric 2,14,1,1,0,0
265,1,Chimeric 2,14,1,1,0,0
266,1,Chimeric 2,14,1,1,0,0
267,1,Chimeric 2,14,1,1,0,0
268,1,Chimeric 2,14,1,1,0,0
269,1,Chimeric 2,14,1,1,0,0
270,1,Chimeric 3,14,1,1,0,0
271,1,Chimeric 3,14,0,0,0,0
272,1,Chimeric 3,14,1,1,0,0
273,1,Chimeric 3,14,1,1,0,0
274,1,Chimeric 3,14,1,1,0,0
275,1,Chimeric 3,14,0,0,0,0
276,1,Chimeric 3,14,1,1,1,0
277,1,Chimeric 3,14,1,1,0,0
278,1,Chimeric 3,14,1,1,0,0
279,1,Chimeric 3,14,1,1,0,0
280,1,Chimeric 3,14,1,1,0,0
281,1,Chimeric 3,14,1,1,0,0
282,1,Chimeric 3,14,1,1,0,0
283,1,Chimeric 3,14,0,0,0,0
284,1,Chimeric 3,14,0,0,0,0
285,1,Chimeric 3,14,1,1,0,0
286,1,Chimeric 3,14,1,1,0,0
287,1,Chimeric 3,14,1,1,0,0
288,1,Chimeric 4,14,1,1,0,0
289,1,Chimeric 4,14,1,1,0,0
290,1,Chimeric 4,14,1,1,0,0
291,1,Chimeric 4,14,1,1,0,0
292,1,Chimeric 4,14,1,1,0,0
293,1,Chimeric 4,14,1,1,0,0
294,1,Chimeric 4,14,1,1,0,0
295,1,Chimeric 4,14,1,1,1,0
296,1,Chimeric 4,14,1,1,1,0
297,1,Chimeric 4,14,0,0,0,0
298,1,Chimeric 4,14,1,1,0,1
299,1,Chimeric 4,14,1,1,0,0
300,1,Chimeric 4,14,0,0,0,0
301,1,Chimeric 4,14,1,1,1,0
302,1,Chimeric 4,14,1,1,1,0
303,1,Chimeric 4,14,1,1,0,0
304,1,Chimeric 4,14,1,1,0,0
305,1,Chimeric 4,14,1,1,0,0
306,1,Chimeric 4,14,1,1,0,0
307,1,Chimeric 5,14,1,1,0,0
308,1,Chimeric 5,14,1,1,0,1
309,1,Chimeric 5,14,1,1,0,0
310,1,Chimeric 5,14,1,1,0,0
311,1,Chimeric 5,14,1,1,1,0
312,1,Chimeric 5,14,1,1,0,0
313,1,Chimeric 5,14,1,1,0,1
314,1,Chimeric 5,14,1,1,0,0
315,1,Chimeric 5,14,1,0,0,0
316,1,Chimeric 5,14,1,1,1,0
317,1,Chimeric 6,14,1,1,0,0
318,1,Chimeric 6,14,0,0,0,0
319,1,Chimeric 6,14,1,1,0,0
320,1,Chimeric 6,14,0,0,0,0
321,1,Chimeric 6,14,1,1,0,0
322,1,Chimeric 6,14,1,1,0,0
323,1,Chimeric 6,14,1,1,0,0
324,1,Chimeric 6,14,1,1,0,0
325,1,Chimeric 6,14,1,1,0,0
326,1,Chimeric 7,14,1,1,0,0
327,1,Chimeric 7,14,0,0,0,1
328,1,Chimeric 7,14,1,1,0,0
329,1,Chimeric 7,14,1,1,0,0
330,1,Chimeric 7,14,0,0,0,0
331,1,Chimeric 7,14,1,1,0,0
332,1,Chimeric 7,14,1,1,0,0
333,1,Chimeric 7,14,1,1,1,0
334,1,Chimeric 7,14,1,1,0,0
335,1,Chimeric 7,14,1,1,0,0
336,1,Chimeric 7,14,1,1,1,0
337,1,Chimeric 7,14,1,1,1,0
338,1,Chimeric 7,14,1,1,0,0
339,1,Chimeric 7,14,0,0,0,0
340,1,Chimeric 7,14,1,1,1,0
341,1,Chimeric 7,14,1,1,1,0
342,1,Chimeric 7,14,1,1,1,0
343,1,Chimeric 7,14,1,1,0,0
344,1,Chimeric 8,14,1,1,0,0
345,1,Chimeric 8,14,1,1,0,0
346,1,Chimeric 8,14,1,1,0,0
347,1,Chimeric 8,14,1,1,0,0
348,1,Chimeric 8,14,1,1,0,0
349,1,Chimeric 8,14,1,1,0,0
350,1,Chimeric 8,14,1,1,0,0
351,1,Chimeric 8,14,1,1,0,0
352,1,Chimeric 8,14,1,1,0,0
353,1,Chimeric 8,14,1,1,0,1
354,1,Chimeric 8,14,1,1,0,0
355,1,Chimeric 8,14,1,1,0,0
356,1,Chimeric 8,14,1,1,0,0
357,1,Chimeric 8,14,1,1,0,0
358,1,Chimeric 8,14,1,1,0,1
359,1,Chimeric 8,14,1,1,0,0
360,1,Chimeric 8,14,1,1,0,0
361,1,Chimeric 8,14,1,1,0,0
362,1,Chimeric 8,14,1,1,0,0
363,1,Chimeric 8,14,1,1,0,0
364,1,Chimeric 8,14,1,1,1,0
365,1,Chimeric 8,14,1,1,0,0
366,2,Chimeric 1,7,1,0,0,0
367,2,Chimeric 1,7,1,1,0,1
368,2,Chimeric 1,7,1,1,0,0
369,2,Chimeric 1,7,1,1,0,0
370,2,Chimeric 1,7,1,1,0,0
371,2,Chimeric 1,7,1,1,0,0
372,2,Chimeric 1,7,1,1,0,0
373,2,Chimeric 1,7,1,1,1,0
374,2,Chimeric 1,7,1,1,0,0
375,2,Chimeric 1,7,1,0,0,0
376,2,Chimeric 1,7,1,1,0,0
377,2,Chimeric 1,7,1,1,0,0
378,2,Chimeric 1,7,1,1,0,0
379,2,Chimeric 1,7,1,1,0,0
380,2,Chimeric 1,7,1,1,0,0
381,2,Chimeric 1,7,1,1,0,0
382,2,Chimeric 1,7,1,1,0,0
383,2,Chimeric 1,7,0,0,0,0
384,2,Chimeric 1,7,1,1,0,0
385,2,Chimeric 1,7,1,1,0,0
386,2,Chimeric 1,7,1,1,0,0
387,2,Chimeric 1,7,1,1,0,1
388,2,Chimeric 1,7,1,1,1,0
389,2,Chimeric 2,7,1,1,0,0
390,2,Chimeric 2,7,1,1,0,0
391,2,Chimeric 2,7,1,1,0,0
392,2,Chimeric 2,7,1,1,0,0
393,2,Chimeric 2,7,1,1,0,0
394,2,Chimeric 2,7,1,1,0,0
395,2,Chimeric 2,7,1,1,0,0
396,2,Chimeric 2,7,1,1,0,1
397,2,Chimeric 2,7,0,0,0,0
398,2,Chimeric 2,7,0,0,0,0
399,2,Chimeric 2,7,1,0,0,0
400,2,Chimeric 2,7,1,1,0,0
401,2,Chimeric 2,7,1,1,0,0
402,2,Chimeric 2,7,1,0,0,1
403,2,Chimeric 2,7,1,0,0,0
404,2,Chimeric 2,7,1,1,0,0
405,2,Chimeric 2,7,0,0,0,0
406,2,Chimeric 2,7,1,0,0,0
407,2,Chimeric 2,7,1,1,0,0
408,2,Chimeric 2,7,1,1,0,0
409,2,Chimeric 2,7,1,1,0,0
410,2,Chimeric 3,7,1,1,0,0
411,2,Chimeric 3,7,1,1,0,0
412,2,Chimeric 3,7,1,1,0,0
413,2,Chimeric 3,7,1,1,0,0
414,2,Chimeric 3,7,1,1,0,0
415,2,Chimeric 3,7,1,1,0,0
416,2,Chimeric 3,7,1,1,0,0
417,2,Chimeric 3,7,1,1,0,0
418,2,Chimeric 3,7,1,1,0,0
419,2,Chimeric 3,7,1,1,0,0
420,2,Chimeric 3,7,1,1,0,0
421,2,Chimeric 3,7,1,1,0,0
422,2,Chimeric 3,7,1,1,1,0
423,2,Chimeric 3,7,1,0,0,0
424,2,Chimeric 3,7,1,1,0,0
425,2,Chimeric 3,7,1,1,0,0
426,2,Chimeric 3,7,1,1,0,0
427,2,Chimeric 3,7,1,1,0,0
428,2,Chimeric 3,7,1,1,0,0
429,2,Chimeric 3,7,0,0,0,0
430,2,Chimeric 3,7,1,0,0,0
431,2,Chimeric 3,7,1,1,0,0
432,2,Chimeric 3,7,1,1,0,0
433,2,Chimeric 3,7,1,1,0,0
434,2,Chimeric 3,7,1,1,0,0
435,2,Chimeric 3,7,1,0,0,0
436,2,Chimeric 3,7,0,0,0,0
437,2,Chimeric 3,7,1,1,0,0
438,2,Chimeric 4,7,1,1,0,0
439,2,Chimeric 4,7,1,1,0,0
440,2,Chimeric 4,7,1,1,0,0
441,2,Chimeric 4,7,1,1,0,0
442,2,Chimeric 4,7,1,1,0,0
443,2,Chimeric 4,7,1,1,1,0
444,2,Chimeric 4,7,1,1,0,0
445,2,Chimeric 4,7,1,1,0,0
446,2,Chimeric 4,7,1,1,0,0
447,2,Chimeric 4,7,1,1,0,0
448,2,Chimeric 4,7,1,1,0,0
449,2,Chimeric 4,7,1,1,0,0
450,2,Chimeric 4,7,1,1,0,0
451,2,Chimeric 4,7,1,1,0,1
452,2,Chimeric 4,7,1,0,0,0
453,2,Chimeric 4,7,1,0,0,0
454,2,Chimeric 4,7,1,1,0,0
455,2,Chimeric 4,7,1,0,0,0
456,2,Chimeric 4,7,1,1,0,0
457,2,Chimeric 4,7,1,1,0,0
458,2,Chimeric 4,7,1,1,0,0
459,2,Chimeric 4,7,1,0,0,0
460,2,Chimeric 4,7,1,0,0,0
461,2,Chimeric 4,7,1,1,0,0
462,2,Chimeric 4,7,1,1,0,0
463,2,Chimeric 4,7,1,1,0,0
464,2,Chimeric 4,7,1,0,0,0
465,2,Chimeric 4,7,1,1,0,0
466,2,Chimeric 4,7,1,0,1,0
467,2,Chimeric 5,7,1,1,0,0
468,2,Chimeric 5,7,1,1,0,1
469,2,Chimeric 5,7,1,1,0,0
470,2,Chimeric 5,7,1,1,0,0
471,2,Chimeric 5,7,1,1,0,0
472,2,Chimeric 5,7,1,1,0,0
473,2,Chimeric 5,7,1,1,0,0
474,2,Chimeric 5,7,1,1,0,0
475,2,Chimeric 5,7,1,1,0,0
476,2,Chimeric 5,7,1,1,0,0
477,2,Chimeric 5,7,1,1,0,1
478,2,Chimeric 5,7,1,1,0,0
479,2,Chimeric 5,7,1,1,0,0
480,2,Chimeric 5,7,1,1,0,0
481,2,Chimeric 5,7,1,0,0,0
482,2,Chimeric 5,7,1,0,0,0
483,2,Chimeric 5,7,1,1,0,1
484,2,Chimeric 5,7,1,1,0,1
485,2,Chimeric 5,7,1,1,1,0
486,2,Chimeric 5,7,1,1,0,0
487,2,Chimeric 5,7,0,0,0,0
488,2,Chimeric 6,7,1,1,0,0
489,2,Chimeric 6,7,1,0,0,0
490,2,Chimeric 6,7,1,1,0,0
491,2,Chimeric 6,7,1,1,0,0
492,2,Chimeric 6,7,1,1,0,0
493,2,Chimeric 6,7,1,1,0,0
494,2,Chimeric 6,7,1,1,0,0
495,2,Chimeric 6,7,1,0,0,0
496,2,Chimeric 6,7,1,0,0,0
497,2,Chimeric 6,7,1,1,0,0
498,2,Chimeric 6,7,1,1,0,0
499,2,Chimeric 6,7,1,1,0,0
500,2,Chimeric 6,7,1,1,0,1
501,2,Chimeric 6,7,1,1,0,0
502,2,Chimeric 7,7,1,1,0,0
503,2,Chimeric 7,7,1,1,0,0
504,2,Chimeric 7,7,1,1,0,0
505,2,Chimeric 7,7,1,1,0,0
506,2,Chimeric 7,7,1,1,1,0
507,2,Chimeric 7,7,1,1,0,0
508,2,Chimeric 7,7,1,1,0,0
509,2,Chimeric 7,7,1,1,0,0
510,2,Chimeric 7,7,1,1,0,0
511,2,Chimeric 7,7,1,1,0,0
512,2,Chimeric 7,7,1,1,0,0
513,2,Chimeric 7,7,1,0,0,0
514,2,Chimeric 7,7,1,1,0,0
515,2,Chimeric 7,7,1,1,0,0
516,2,Chimeric 7,7,1,0,0,0
517,2,Chimeric 7,7,1,1,1,0
518,2,Chimeric 7,7,1,1,0,0
519,2,Chimeric 7,7,1,1,0,0
520,2,Chimeric 7,7,1,1,0,0
521,2,Chimeric 8,7,0,0,0,0
522,2,Chimeric 8,7,1,1,0,0
523,2,Chimeric 8,7,0,0,0,0
524,2,Chimeric 8,7,1,1,0,0
525,2,Chimeric 8,7,1,0,0,0
526,2,Chimeric 8,7,1,1,0,0
527,2,Chimeric 8,7,1,1,0,0
528,2,Chimeric 8,7,1,1,0,0
529,2,Chimeric 8,7,1,1,0,0
530,2,Chimeric 8,7,1,1,0,0
531,2,Chimeric 8,7,1,1,0,0
532,2,Chimeric 8,7,1,1,0,0
533,2,Chimeric 8,7,1,1,0,0
534,2,Chimeric 8,7,1,1,0,0
535,2,Chimeric 8,7,1,1,0,0
536,2,Chimeric 8,7,1,1,0,0
537,2,Chimeric 8,7,1,1,0,0
538,2,Chimeric 8,7,1,0,0,0
539,2,Chimeric 8,7,1,0,0,0
540,2,Chimeric 8,7,1,1,0,1
541,2,Chimeric 8,7,1,1,0,0
542,2,Chimeric 8,7,1,1,0,0
543,2,Chimeric 8,7,1,1,0,0
544,2,Chimeric 1,10,1,1,0,0
545,2,Chimeric 1,10,1,1,1,0
546,2,Chimeric 1,10,1,1,1,0
547,2,Chimeric 1,10,1,1,1,0
548,2,Chimeric 1,10,1,1,1,0
549,2,Chimeric 1,10,1,1,1,0
550,2,Chimeric 1,10,1,1,1,0
551,2,Chimeric 1,10,1,1,0,0
552,2,Chimeric 1,10,1,1,0,0
553,2,Chimeric 1,10,1,1,1,0
554,2,Chimeric 1,10,1,1,0,0
555,2,Chimeric 1,10,1,1,0,0
556,2,Chimeric 1,10,1,1,0,0
557,2,Chimeric 1,10,1,1,0,0
558,2,Chimeric 1,10,1,1,1,0
559,2,Chimeric 1,10,1,1,1,0
560,2,Chimeric 1,10,1,1,1,0
561,2,Chimeric 1,10,1,1,0,1
562,2,Chimeric 1,10,1,1,1,0
563,2,Chimeric 1,10,1,1,0,0
564,2,Chimeric 1,10,1,1,0,0
565,2,Chimeric 1,10,1,1,0,0
566,2,Chimeric 2,10,1,1,0,0
567,2,Chimeric 2,10,1,1,0,0
568,2,Chimeric 2,10,1,1,0,0
569,2,Chimeric 2,10,1,1,0,0
570,2,Chimeric 2,10,1,1,0,0
571,2,Chimeric 2,10,1,1,0,0
572,2,Chimeric 2,10,1,1,0,1
573,2,Chimeric 2,10,1,1,0,0
574,2,Chimeric 2,10,1,1,0,0
575,2,Chimeric 2,10,1,1,0,0
576,2,Chimeric 2,10,1,1,0,0
577,2,Chimeric 2,10,1,1,0,0
578,2,Chimeric 2,10,1,1,0,0
579,2,Chimeric 2,10,1,1,0,0
580,2,Chimeric 3,10,1,0,0,0
581,2,Chimeric 3,10,1,1,0,1
582,2,Chimeric 3,10,0,0,0,0
583,2,Chimeric 3,10,1,1,0,0
584,2,Chimeric 3,10,1,1,0,0
585,2,Chimeric 3,10,1,1,0,0
586,2,Chimeric 3,10,1,0,0,0
587,2,Chimeric 3,10,1,1,0,0
588,2,Chimeric 3,10,1,1,0,0
589,2,Chimeric 3,10,1,0,0,0
590,2,Chimeric 3,10,1,1,0,0
591,2,Chimeric 3,10,1,0,0,0
592,2,Chimeric 3,10,1,1,0,0
593,2,Chimeric 3,10,1,1,0,0
594,2,Chimeric 3,10,1,1,0,0
595,2,Chimeric 3,10,1,0,0,0
596,2,Chimeric 3,10,1,1,0,0
597,2,Chimeric 3,10,1,1,0,0
598,2,Chimeric 3,10,1,1,0,0
599,2,Chimeric 3,10,1,1,0,0
600,2,Chimeric 3,10,1,1,0,0
601,2,Chimeric 3,10,1,1,0,0
602,2,Chimeric 3,10,1,1,1,0
603,2,Chimeric 3,10,1,1,0,0
604,2,Chimeric 3,10,1,1,1,0
605,2,Chimeric 3,10,1,1,0,0
606,2,Chimeric 3,10,1,1,0,0
607,2,Chimeric 4,10,1,1,1,0
608,2,Chimeric 4,10,1,1,1,0
609,2,Chimeric 4,10,1,1,0,0
610,2,Chimeric 4,10,1,1,0,0
611,2,Chimeric 4,10,1,1,0,0
612,2,Chimeric 4,10,1,1,0,0
613,2,Chimeric 4,10,1,1,0,0
614,2,Chimeric 4,10,1,1,0,1
615,2,Chimeric 4,10,1,1,0,0
616,2,Chimeric 4,10,1,1,1,0
617,2,Chimeric 4,10,1,1,0,0
618,2,Chimeric 4,10,1,1,0,0
619,2,Chimeric 4,10,1,1,0,0
620,2,Chimeric 4,10,1,1,0,0
621,2,Chimeric 4,10,1,1,0,0
622,2,Chimeric 4,10,1,0,0,0
623,2,Chimeric 4,10,1,1,0,0
624,2,Chimeric 4,10,1,1,0,0
625,2,Chimeric 4,10,1,1,0,1
626,2,Chimeric 4,10,1,1,1,0
627,2,Chimeric 4,10,1,1,1,0
628,2,Chimeric 4,10,1,1,0,0
629,2,Chimeric 4,10,1,1,0,0
630,2,Chimeric 5,10,1,1,0,0
631,2,Chimeric 5,10,1,1,0,0
632,2,Chimeric 5,10,1,1,0,0
633,2,Chimeric 5,10,1,1,0,0
634,2,Chimeric 5,10,1,1,0,0
635,2,Chimeric 5,10,1,1,0,0
636,2,Chimeric 5,10,1,1,0,0
637,2,Chimeric 5,10,1,1,0,0
638,2,Chimeric 5,10,1,1,0,0
639,2,Chimeric 5,10,1,1,0,0
640,2,Chimeric 5,10,1,1,1,0
641,2,Chimeric 5,10,1,1,0,0
642,2,Chimeric 5,10,1,1,0,0
643,2,Chimeric 5,10,1,1,0,0
644,2,Chimeric 5,10,1,1,0,0
645,2,Chimeric 5,10,1,1,0,0
646,2,Chimeric 5,10,1,1,0,1
647,2,Chimeric 5,10,1,1,0,0
648,2,Chimeric 5,10,1,1,1,0
649,2,Chimeric 5,10,1,1,0,0
650,2,Chimeric 5,10,1,1,0,0
651,2,Chimeric 5,10,1,1,0,0
652,2,Chimeric 5,10,1,1,1,0
653,2,Chimeric 5,10,1,1,0,0
654,2,Chimeric 5,10,1,1,0,0
655,2,Chimeric 5,10,1,1,0,0
656,2,Chimeric 5,10,1,1,0,0
657,2,Chimeric 5,10,1,1,0,0
658,2,Chimeric 5,10,1,1,0,0
659,2,Chimeric 6,10,1,1,0,0
660,2,Chimeric 6,10,1,1,0,0
661,2,Chimeric 6,10,1,1,0,0
662,2,Chimeric 6,10,1,1,0,0
663,2,Chimeric 6,10,1,1,0,0
664,2,Chimeric 6,10,1,1,0,0
665,2,Chimeric 6,10,1,1,0,0
666,2,Chimeric 6,10,1,1,0,0
667,2,Chimeric 6,10,1,1,0,0
668,2,Chimeric 6,10,1,1,0,0
669,2,Chimeric 6,10,1,1,0,0
670,2,Chimeric 6,10,1,1,0,0
671,2,Chimeric 6,10,1,1,0,0
672,2,Chimeric 6,10,1,1,1,0
673,2,Chimeric 6,10,1,1,1,0
674,2,Chimeric 7,10,1,1,0,0
675,2,Chimeric 7,10,1,1,1,0
676,2,Chimeric 7,10,1,1,0,0
677,2,Chimeric 7,10,1,1,0,0
678,2,Chimeric 7,10,1,1,0,0
679,2,Chimeric 7,10,1,1,0,0
680,2,Chimeric 7,10,1,1,0,1
681,2,Chimeric 7,10,1,1,0,0
682,2,Chimeric 7,10,1,1,0,0
683,2,Chimeric 7,10,1,1,0,0
684,2,Chimeric 7,10,1,1,0,0
685,2,Chimeric 7,10,1,1,0,0
686,2,Chimeric 7,10,1,1,0,0
687,2,Chimeric 7,10,1,1,1,0
688,2,Chimeric 7,10,1,1,1,0
689,2,Chimeric 8,10,1,1,0,0
690,2,Chimeric 8,10,1,1,0,0
691,2,Chimeric 8,10,1,1,0,0
692,2,Chimeric 8,10,1,0,0,0
693,2,Chimeric 8,10,1,0,0,0
694,2,Chimeric 8,10,1,0,0,0
695,2,Chimeric 8,10,1,1,0,0
696,2,Chimeric 8,10,1,1,0,0
697,2,Chimeric 8,10,1,1,0,0
698,2,Chimeric 8,10,1,1,0,0
699,2,Chimeric 8,10,1,1,0,0
700,2,Chimeric 8,10,1,1,0,0
701,2,Chimeric 8,10,1,1,0,0
702,2,Chimeric 8,10,1,1,0,0
703,2,Chimeric 8,10,1,1,0,0
704,2,Chimeric 8,10,1,1,0,0
705,2,Chimeric 8,10,1,1,0,1
706,2,Chimeric 8,10,1,1,0,1
707,2,Chimeric 8,10,1,1,0,0
708,2,Chimeric 8,10,1,0,0,0
709,2,Chimeric 8,10,1,1,0,0
710,2,Chimeric 1,14,1,1,1,0
711,2,Chimeric 1,14,1,1,0,1
712,2,Chimeric 1,14,0,0,0,0
713,2,Chimeric 1,14,1,1,1,0
714,2,Chimeric 1,14,1,1,0,0
715,2,Chimeric 1,14,1,1,0,0
716,2,Chimeric 1,14,1,1,1,0
717,2,Chimeric 1,14,1,1,1,0
718,2,Chimeric 1,14,1,1,0,0
719,2,Chimeric 1,14,1,1,0,0
720,2,Chimeric 1,14,0,0,0,0
721,2,Chimeric 1,14,1,1,0,0
722,2,Chimeric 1,14,1,1,0,0
723,2,Chimeric 1,14,1,1,1,0
724,2,Chimeric 1,14,1,1,1,0
725,2,Chimeric 1,14,1,1,1,0
726,2,Chimeric 1,14,1,1,1,0
727,2,Chimeric 1,14,1,1,1,0
728,2,Chimeric 1,14,1,1,1,0
729,2,Chimeric 1,14,1,1,0,0
730,2,Chimeric 1,14,1,1,0,0
731,2,Chimeric 1,14,1,1,0,0
732,2,Chimeric 1,14,1,1,1,0
733,2,Chimeric 1,14,1,1,0,0
734,2,Chimeric 2,14,1,1,0,0
735,2,Chimeric 2,14,1,1,0,0
736,2,Chimeric 2,14,1,1,1,0
737,2,Chimeric 2,14,1,1,0,0
738,2,Chimeric 2,14,1,1,0,0
739,2,Chimeric 2,14,1,1,0,0
740,2,Chimeric 2,14,1,1,1,0
741,2,Chimeric 2,14,1,1,0,0
742,2,Chimeric 2,14,1,1,0,0
743,2,Chimeric 2,14,1,1,0,0
744,2,Chimeric 2,14,1,1,0,0
745,2,Chimeric 2,14,1,1,0,0
746,2,Chimeric 2,14,1,1,0,0
747,2,Chimeric 2,14,1,1,0,0
748,2,Chimeric 2,14,1,1,0,0
749,2,Chimeric 2,14,1,1,0,0
750,2,Chimeric 2,14,1,0,0,0
751,2,Chimeric 2,14,1,1,0,0
752,2,Chimeric 2,14,1,1,0,0
753,2,Chimeric 2,14,1,1,0,0
754,2,Chimeric 2,14,1,0,0,0
755,2,Chimeric 2,14,1,1,1,0
756,2,Chimeric 2,14,1,1,0,0
757,2,Chimeric 2,14,1,1,0,0
758,2,Chimeric 3,14,1,1,0,0
759,2,Chimeric 3,14,1,1,0,0
760,2,Chimeric 3,14,1,1,0,0
761,2,Chimeric 3,14,0,0,0,0
762,2,Chimeric 3,14,1,1,1,0
763,2,Chimeric 3,14,1,1,1,0
764,2,Chimeric 3,14,1,1,0,0
765,2,Chimeric 3,14,1,1,0,0
766,2,Chimeric 3,14,1,1,1,0
767,2,Chimeric 3,14,1,1,1,0
768,2,Chimeric 3,14,1,1,0,0
769,2,Chimeric 3,14,1,1,0,0
770,2,Chimeric 3,14,1,1,0,0
771,2,Chimeric 3,14,1,1,0,0
772,2,Chimeric 3,14,1,1,0,0
773,2,Chimeric 3,14,1,1,0,0
774,2,Chimeric 3,14,0,0,0,0
775,2,Chimeric 3,14,1,1,0,0
776,2,Chimeric 3,14,1,1,0,0
777,2,Chimeric 3,14,1,1,0,0
778,2,Chimeric 3,14,1,1,1,0
779,2,Chimeric 3,14,1,1,0,0
780,2,Chimeric 4,14,1,1,0,0
781,2,Chimeric 4,14,1,1,1,0
782,2,Chimeric 4,14,1,1,0,0
783,2,Chimeric 4,14,1,1,1,0
784,2,Chimeric 4,14,1,1,1,0
785,2,Chimeric 4,14,1,1,1,0
786,2,Chimeric 4,14,1,1,1,0
787,2,Chimeric 4,14,1,1,0,0
788,2,Chimeric 4,14,1,1,0,0
789,2,Chimeric 4,14,1,1,0,0
790,2,Chimeric 4,14,1,1,1,0
791,2,Chimeric 4,14,1,1,1,0
792,2,Chimeric 4,14,1,1,0,0
793,2,Chimeric 4,14,1,1,0,0
794,2,Chimeric 4,14,1,1,0,0
795,2,Chimeric 4,14,1,1,1,0
796,2,Chimeric 4,14,1,1,0,0
797,2,Chimeric 4,14,1,1,0,0
798,2,Chimeric 4,14,1,1,0,0
799,2,Chimeric 4,14,1,1,1,0
800,2,Chimeric 4,14,1,1,1,0
801,2,Chimeric 4,14,1,1,0,0
802,2,Chimeric 4,14,1,1,0,0
803,2,Chimeric 4,14,1,1,1,0
804,2,Chimeric 4,14,1,1,0,0
805,2,Chimeric 4,14,1,1,0,0
806,2,Chimeric 5,14,1,1,0,0
807,2,Chimeric 5,14,1,1,1,0
808,2,Chimeric 5,14,1,1,0,0
809,2,Chimeric 5,14,1,1,0,0
810,2,Chimeric 5,14,1,1,0,0
811,2,Chimeric 5,14,1,1,0,0
812,2,Chimeric 5,14,1,1,0,0
813,2,Chimeric 5,14,1,1,0,0
814,2,Chimeric 5,14,1,1,0,0
815,2,Chimeric 5,14,1,1,0,0
816,2,Chimeric 5,14,1,1,1,0
817,2,Chimeric 5,14,1,1,0,0
818,2,Chimeric 5,14,1,1,1,0
819,2,Chimeric 5,14,1,1,0,0
820,2,Chimeric 5,14,1,1,0,0
821,2,Chimeric 5,14,1,1,0,0
822,2,Chimeric 5,14,1,1,1,0
823,2,Chimeric 5,14,1,1,1,0
824,2,Chimeric 5,14,1,1,0,0
825,2,Chimeric 5,14,1,1,1,0
826,2,Chimeric 5,14,1,1,0,0
827,2,Chimeric 5,14,1,1,0,0
828,2,Chimeric 5,14,1,1,0,0
829,2,Chimeric 5,14,1,1,0,0
830,2,Chimeric 6,14,1,1,0,0
831,2,Chimeric 6,14,1,1,0,0
832,2,Chimeric 6,14,1,1,1,0
833,2,Chimeric 6,14,1,1,0,0
834,2,Chimeric 6,14,1,1,1,0
835,2,Chimeric 6,14,1,1,0,0
836,2,Chimeric 6,14,1,1,1,0
837,2,Chimeric 6,14,1,1,0,0
838,2,Chimeric 6,14,1,1,0,0
839,2,Chimeric 6,14,1,1,0,0
840,2,Chimeric 6,14,1,1,0,0
841,2,Chimeric 6,14,1,1,0,0
842,2,Chimeric 6,14,1,1,0,0
843,2,Chimeric 6,14,1,1,0,0
844,2,Chimeric 6,14,1,1,1,0
845,2,Chimeric 6,14,1,1,0,0
846,2,Chimeric 6,14,1,1,0,0
847,2,Chimeric 7,14,1,1,1,0
848,2,Chimeric 7,14,1,1,0,0
849,2,Chimeric 7,14,1,1,0,0
850,2,Chimeric 7,14,1,1,0,0
851,2,Chimeric 7,14,1,1,1,0
852,2,Chimeric 7,14,1,1,0,0
853,2,Chimeric 7,14,1,1,0,0
854,2,Chimeric 7,14,1,1,0,0
855,2,Chimeric 7,14,1,1,0,0
856,2,Chimeric 7,14,1,1,1,0
857,2,Chimeric 7,14,1,1,1,0
858,2,Chimeric 7,14,1,1,1,0
859,2,Chimeric 7,14,1,1,0,0
860,2,Chimeric 7,14,1,1,0,0
861,2,Chimeric 7,14,1,1,1,0
862,2,Chimeric 7,14,1,1,0,0
863,2,Chimeric 7,14,1,1,1,0
864,2,Chimeric 8,14,1,1,0,1
865,2,Chimeric 8,14,1,1,1,0
866,2,Chimeric 8,14,1,1,0,0
867,2,Chimeric 8,14,1,0,0,0
868,2,Chimeric 8,14,1,1,0,0
869,2,Chimeric 8,14,1,1,0,0
870,2,Chimeric 8,14,1,1,0,0
871,2,Chimeric 8,14,1,1,0,0
872,2,Chimeric 8,14,1,0,0,0
873,2,Chimeric 8,14,1,1,0,0
874,2,Chimeric 8,14,1,1,0,0
875,2,Chimeric 8,14,1,1,0,0
876,2,Chimeric 8,14,1,1,0,0
877,2,Chimeric 8,14,1,1,0,0
878,2,Chimeric 8,14,1,1,0,0
879,2,Chimeric 8,14,1,1,0,0
880,2,Chimeric 8,14,1,1,0,0
881,2,Chimeric 8,14,1,1,0,0
882,2,Chimeric 8,14,1,1,0,0
883,2,Chimeric 8,14,1,1,0,0
884,2,Chimeric 8,14,0,0,0,0
885,2,Chimeric 8,14,1,1,0,0
886,2,Chimeric 8,14,1,1,0,0
887,2,Chimeric 8,14,1,1,0,0
